step,agent_id,performance_score,llm_response,decision_action,decision_budget_allocated,decision_improvement_areas,decision_items,decision_metrics_analyzed,decision_priority,decision_tasks
0,hospital_administrator,0.8599615467534887,管理员执行日常管理任务,routine_management,,,,,normal,"['scheduling', 'reporting', 'coordination']"
1,hospital_administrator,0.8196471700896928,管理员执行日常管理任务,routine_management,,,,,normal,"['scheduling', 'reporting', 'coordination']"
2,hospital_administrator,0.8803233529795622,管理员执行日常管理任务,routine_management,,,,,normal,"['scheduling', 'reporting', 'coordination']"
3,hospital_administrator,0.5616300018501187,管理员执行日常管理任务,routine_management,,,,,normal,"['scheduling', 'reporting', 'coordination']"
4,hospital_administrator,0.5460748708397365,管理员执行日常管理任务,routine_management,,,,,normal,"['scheduling', 'reporting', 'coordination']"
5,hospital_administrator,0.6715703746860171,管理员分配5万元预算采购药品和医疗用品,resource_procurement,50000,,"['medication', 'medical_supplies']",,routine,
6,hospital_administrator,0.8372767620780313,管理员执行日常管理任务,routine_management,,,,,normal,"['scheduling', 'reporting', 'coordination']"
7,hospital_administrator,0.7986766499677403,管理员执行日常管理任务,routine_management,,,,,normal,"['scheduling', 'reporting', 'coordination']"
8,hospital_administrator,0.7293264592037197,管理员执行日常管理任务,routine_management,,,,,normal,"['scheduling', 'reporting', 'coordination']"
9,hospital_administrator,0.5286646129317524,管理员执行日常管理任务,routine_management,,,,,normal,"['scheduling', 'reporting', 'coordination']"
10,hospital_administrator,0.45899712961895833,管理员执行日常管理任务,routine_management,,,,,normal,"['scheduling', 'reporting', 'coordination']"
11,hospital_administrator,0.7113607695652149,管理员执行日常管理任务,routine_management,,,,,normal,"['scheduling', 'reporting', 'coordination']"
12,hospital_administrator,0.5115846438217788,管理员紧急批准8万元预算用于人员和设备支援,emergency_budget_approval,80000,,"['emergency_staff', 'equipment_rental']",,urgent,
13,hospital_administrator,0.6019798642241201,管理员执行日常管理任务,routine_management,,,,,normal,"['scheduling', 'reporting', 'coordination']"
14,hospital_administrator,0.5776139449807903,管理员执行日常管理任务,routine_management,,,,,normal,"['scheduling', 'reporting', 'coordination']"
15,hospital_administrator,0.6878316085037753,管理员执行日常管理任务,routine_management,,,,,normal,"['scheduling', 'reporting', 'coordination']"
16,hospital_administrator,0.8719958029300933,管理员执行日常管理任务,routine_management,,,,,normal,"['scheduling', 'reporting', 'coordination']"
17,hospital_administrator,0.856834518126663,管理员执行日常管理任务,routine_management,,,,,normal,"['scheduling', 'reporting', 'coordination']"
18,hospital_administrator,0.8027766540994639,管理员执行日常管理任务,routine_management,,,,,normal,"['scheduling', 'reporting', 'coordination']"
19,hospital_administrator,0.6674054996872097,管理员执行日常管理任务,routine_management,,,,,normal,"['scheduling', 'reporting', 'coordination']"
20,hospital_administrator,0.6206621917227313,管理员进行绩效分析，识别改进领域,performance_review,,"['emergency_response', 'resource_planning']",,"['efficiency', 'satisfaction', 'cost']",strategic,
21,hospital_administrator,0.65783371812286,管理员执行日常管理任务,routine_management,,,,,normal,"['scheduling', 'reporting', 'coordination']"
22,hospital_administrator,0.6170707095890461,管理员执行日常管理任务,routine_management,,,,,normal,"['scheduling', 'reporting', 'coordination']"
23,hospital_administrator,0.5935873658405603,管理员执行日常管理任务,routine_management,,,,,normal,"['scheduling', 'reporting', 'coordination']"
24,hospital_administrator,0.6930703719042935,管理员执行日常管理任务,routine_management,,,,,normal,"['scheduling', 'reporting', 'coordination']"
