step,agent_id,performance_score,llm_response,decision_action,decision_focus_area,decision_nurses_coordinated,decision_shift_assignment
0,head_nurse,0.7952978335005811,护士长协调日班8名护士，重点监护普通病房,patient_monitoring,general_ward,8,day_shift
1,head_nurse,0.8406268169268315,护士长协调日班8名护士，重点监护普通病房,patient_monitoring,general_ward,8,day_shift
2,head_nurse,0.9738105893017112,护士长协调日班8名护士，重点监护普通病房,patient_monitoring,general_ward,8,day_shift
3,head_nurse,0.7024908196736529,护士长协调日班8名护士，重点监护普通病房,patient_monitoring,general_ward,8,day_shift
4,head_nurse,0.6137457906646278,护士长协调日班8名护士，重点监护普通病房,patient_monitoring,general_ward,8,day_shift
5,head_nurse,0.740371432886104,护士长协调日班8名护士，重点监护普通病房,patient_monitoring,general_ward,8,day_shift
6,head_nurse,0.7262414950212566,护士长协调日班8名护士，重点监护普通病房,patient_monitoring,general_ward,8,day_shift
7,head_nurse,0.7982184252431554,护士长协调日班8名护士，重点监护普通病房,patient_monitoring,general_ward,8,day_shift
8,head_nurse,0.9082563721857918,护士长紧急调配12名护士支援急诊科,emergency_coordination,emergency_department,12,emergency_shift
9,head_nurse,0.9196021505309544,护士长紧急调配12名护士支援急诊科,emergency_coordination,emergency_department,12,emergency_shift
10,head_nurse,0.865329619224704,护士长紧急调配12名护士支援急诊科,emergency_coordination,emergency_department,12,emergency_shift
11,head_nurse,0.8147780920647282,护士长紧急调配12名护士支援急诊科,emergency_coordination,emergency_department,12,emergency_shift
12,head_nurse,0.95685440684747,护士长紧急调配12名护士支援急诊科,emergency_coordination,emergency_department,12,emergency_shift
13,head_nurse,0.8136353256007032,护士长紧急调配12名护士支援急诊科,emergency_coordination,emergency_department,12,emergency_shift
14,head_nurse,0.8869844634931225,护士长紧急调配12名护士支援急诊科,emergency_coordination,emergency_department,12,emergency_shift
15,head_nurse,0.7973279376307755,护士长评估护理质量，协调10名护士提供全面护理,quality_assessment,comprehensive_care,10,evaluation_mode
16,head_nurse,0.7330080204321539,护士长评估护理质量，协调10名护士提供全面护理,quality_assessment,comprehensive_care,10,evaluation_mode
17,head_nurse,0.8162396869343359,护士长评估护理质量，协调10名护士提供全面护理,quality_assessment,comprehensive_care,10,evaluation_mode
18,head_nurse,0.821117375462598,护士长评估护理质量，协调10名护士提供全面护理,quality_assessment,comprehensive_care,10,evaluation_mode
19,head_nurse,0.7803315933953819,护士长评估护理质量，协调10名护士提供全面护理,quality_assessment,comprehensive_care,10,evaluation_mode
20,head_nurse,0.7689173921864629,护士长评估护理质量，协调10名护士提供全面护理,quality_assessment,comprehensive_care,10,evaluation_mode
21,head_nurse,0.8229221021949906,护士长评估护理质量，协调10名护士提供全面护理,quality_assessment,comprehensive_care,10,evaluation_mode
22,head_nurse,0.8666426428479478,护士长评估护理质量，协调10名护士提供全面护理,quality_assessment,comprehensive_care,10,evaluation_mode
23,head_nurse,0.8177480753875814,护士长评估护理质量，协调10名护士提供全面护理,quality_assessment,comprehensive_care,10,evaluation_mode
24,head_nurse,0.9190630477233573,护士长评估护理质量，协调10名护士提供全面护理,quality_assessment,comprehensive_care,10,evaluation_mode
